Handle,Title,Body (HTML),Vendor,Type,Tags,Published,Option1 Name,Option1 Value,Option2 Name,Option2 Value,Variant SKU,Variant Grams,Variant Inventory Tracker,Variant Inventory Qty,Variant Inventory Policy,Variant Fulfillment Service,Variant Price,Variant Compare At Price,Variant Requires Shipping,Variant Taxable,Image Src,Image Alt Text,SEO Title,SEO Description,Status
classic-cotton-shirt,Classic Cotton Shirt,"<p>A soft, breathable 100% cotton shirt for everyday wear. Pre-shrunk, double-stitched and cut in a relaxed unisex fit — the staple your wardrobe keeps reaching for.</p>",UrbanNest Apparel,Shirt,"cotton, unisex, classic, apparel",TRUE,Color,Black,Size,S,SHIRT-BLK-S,300,shopify,25,deny,manual,39.00,59.00,TRUE,TRUE,https://images.unsplash.com/photo-1521572163474-6864f9cf17ab?w=1200,Classic cotton shirt on a hanger,Classic Cotton Shirt | Soft Unisex Tee,"Soft 100% cotton unisex shirt in black and white, sizes S to L. Free shipping over $200.",active
classic-cotton-shirt,,,,,,,,Black,,M,SHIRT-BLK-M,300,shopify,25,deny,manual,39.00,59.00,TRUE,TRUE,,,,,
classic-cotton-shirt,,,,,,,,Black,,L,SHIRT-BLK-L,300,shopify,25,deny,manual,39.00,59.00,TRUE,TRUE,,,,,
classic-cotton-shirt,,,,,,,,White,,S,SHIRT-WHT-S,300,shopify,25,deny,manual,39.00,59.00,TRUE,TRUE,,,,,
classic-cotton-shirt,,,,,,,,White,,M,SHIRT-WHT-M,300,shopify,25,deny,manual,39.00,59.00,TRUE,TRUE,,,,,
classic-cotton-shirt,,,,,,,,White,,L,SHIRT-WHT-L,300,shopify,25,deny,manual,39.00,59.00,TRUE,TRUE,,,,,
pro-yoga-mat,Pro Yoga Mat,"<p>A 6&nbsp;mm non-slip TPE yoga mat with alignment lines and a carry strap. Eco-friendly, cushioned and grippy on both sides — for yoga, pilates and floor work.</p>",ZenFlow Studio,Yoga Equipment,"yoga, mat, fitness, eco-friendly",TRUE,Color,Violet,Length,68 in,MAT-VIO-68,900,shopify,20,deny,manual,49.00,69.00,TRUE,TRUE,https://images.unsplash.com/photo-1544367567-0f2fcb009e0b?w=1200,Rolled yoga mat in a bright studio,Pro Yoga Mat | 6mm Non-Slip TPE,"Non-slip 6mm TPE yoga mat in violet, pink or black, 68 or 72 inches, with carry strap.",active
pro-yoga-mat,,,,,,,,Violet,,72 in,MAT-VIO-72,950,shopify,20,deny,manual,54.00,74.00,TRUE,TRUE,,,,,
pro-yoga-mat,,,,,,,,Pink,,68 in,MAT-PNK-68,900,shopify,20,deny,manual,49.00,69.00,TRUE,TRUE,,,,,
pro-yoga-mat,,,,,,,,Pink,,72 in,MAT-PNK-72,950,shopify,20,deny,manual,54.00,74.00,TRUE,TRUE,,,,,
pro-yoga-mat,,,,,,,,Black,,68 in,MAT-BLK-68,900,shopify,20,deny,manual,49.00,69.00,TRUE,TRUE,,,,,
pro-yoga-mat,,,,,,,,Black,,72 in,MAT-BLK-72,950,shopify,20,deny,manual,54.00,74.00,TRUE,TRUE,,,,,
cork-yoga-block,Cork Yoga Block,"<p>A firm, sustainable cork block that steadies your poses and deepens your stretches. Naturally antimicrobial with rounded edges for comfort.</p>",ZenFlow Studio,Yoga Equipment,"yoga, block, cork, props",TRUE,Title,Default Title,,,BLOCK-CORK,500,shopify,40,deny,manual,19.00,,TRUE,TRUE,https://images.unsplash.com/photo-1593810450967-f9c42742e326?w=1200,Cork yoga block on a mat,Cork Yoga Block | Sustainable Prop,Firm sustainable cork yoga block that steadies poses and deepens stretches.,active
resistance-band-set,Resistance Band Set,"<p>Latex resistance bands for strength, mobility and rehab. Choose your resistance level — each band comes with a carry pouch and exercise guide.</p>",ZenFlow Studio,Fitness Accessories,"fitness, bands, strength, home-workout",TRUE,Level,Light,,,BAND-LGT,200,shopify,30,deny,manual,29.00,,TRUE,TRUE,https://images.unsplash.com/photo-1598289431512-b97b0917affc?w=1200,Colourful resistance bands,Resistance Band Set | Light to Heavy,"Latex resistance band set in light, medium and heavy — with pouch and exercise guide.",active
resistance-band-set,,,,,,,,Medium,,,BAND-MED,220,shopify,30,deny,manual,29.00,,,TRUE,,,,,
resistance-band-set,,,,,,,,Heavy,,,BAND-HVY,240,shopify,30,deny,manual,29.00,,,TRUE,,,,,
insulated-water-bottle,Insulated Water Bottle 750ml,"<p>A double-walled stainless-steel bottle that keeps drinks cold for 24 hours or hot for 12. Leak-proof lid, fits standard cup holders.</p>",UrbanNest Living,Drinkware,"bottle, hydration, steel, gym",TRUE,Color,Steel,,,BOTTLE-STL,350,shopify,35,deny,manual,25.00,,TRUE,TRUE,https://images.unsplash.com/photo-1602143407151-7111542de6e8?w=1200,Stainless steel water bottle,Insulated Water Bottle 750ml,"Double-walled 750ml stainless bottle — cold 24h, hot 12h, leak-proof.",active
insulated-water-bottle,,,,,,,,Black,,,BOTTLE-BLK,350,shopify,35,deny,manual,25.00,,,TRUE,,,,,
hatha-yoga-class-10-sessions,Hatha Yoga Class — 10 Sessions,"<p>A 10-session Hatha Yoga class package at our studio. Suitable for beginners — breathing, alignment and classic asanas with a certified instructor. This is a service product: nothing is shipped.</p>",ZenFlow Studio,Class Package,"yoga, class, package, service",TRUE,Title,Default Title,,,CLASS-HATHA-10,0,shopify,50,deny,manual,180.00,220.00,FALSE,TRUE,https://images.unsplash.com/photo-1506126613408-eca07ce68773?w=1200,Yoga class in session,Hatha Yoga Class Package — 10 Sessions,10-session beginner-friendly Hatha Yoga package with a certified instructor.,active
