feedback_id,date,channel,rating,customer_id,text
FB001,2026-08-14,Website chat,,CUS0007,"I bought the ceramic pour-over set 26 days ago and still have the receipt. It is unused in the box. Can I exchange it for the chalk white instead of the one I took?"
FB002,2026-08-14,Email,,CUS0022,"Your website lists the double-walled mug at SGD 32 but another shop online has it at SGD 27. Will you match their price?"
FB003,2026-08-13,Google Review,5,CUS0003,"Second time buying the house blend. Consistent roast and the staff at Novena actually know what they are selling."
FB004,2026-08-13,Email,2,CUS0031,"Ordered on the 4th, told 2 to 4 working days, it is now the 13th and nothing has arrived. No tracking update since the 6th."
FB005,2026-08-12,Instagram DM,,CUS0015,"Is the oak serving board safe to put in the dishwasher? I have had it two weeks and it has gone dull."
FB006,2026-08-12,Google Review,4,CUS0044,"Lovely candle, the fig and cedar one. Burns clean. Wish the jar was a bit heavier for the price."
FB007,2026-08-11,Email,1,CUS0009,"The glass vase arrived in two pieces. Box was not damaged so it was packed badly. I want a replacement not a credit note."
FB008,2026-08-11,Website chat,,CUS0052,"How many points do I need for a discount and when do they expire? I have been a member since last year."
FB009,2026-08-10,Google Review,5,CUS0018,"The Calm Evening gift box was exactly right for my mother in law. Arrived next day with Click and Collect."
FB010,2026-08-10,Email,3,CUS0026,"The Ethiopia beans were good but the bag roast date was three weeks old when it arrived. Is that normal?"
FB011,2026-08-09,In-store card,4,CUS0011,"Katong staff were patient while I picked a gift. Only complaint is the queue at the till on Saturday."
FB012,2026-08-09,Website chat,,CUS0038,"Do you deliver to Johor? I am just across the border and it would be easier than collecting."
FB013,2026-08-08,Google Review,2,CUS0047,"Travel flask leaked in my bag on day three. I have washed it in the dishwasher once, is that the problem?"
FB014,2026-08-08,Email,,CUS0005,"I want to return a notebook I bought 45 days ago. Never used it, still has the tag. Can you make an exception?"
FB015,2026-08-07,Instagram DM,,CUS0029,"Which of your candles is least sweet? I want something for a small flat that will not overpower it."
FB016,2026-08-07,Google Review,5,CUS0002,"Bought the linen tea towels a year ago and they have got softer with washing. Just ordered two more sets."
FB017,2026-08-06,Email,3,CUS0056,"Order was correct but the gift box arrived with a dented corner. Not enough to return it, just letting you know."
FB018,2026-08-06,Website chat,,CUS0013,"Is the recipe journal paper thick enough for fountain pen? I do not want it bleeding through."
FB019,2026-08-05,Google Review,1,CUS0041,"Charged twice for the same order. Been waiting four days for someone to reply to my email."
FB020,2026-08-05,In-store card,5,CUS0020,"Orchard outlet did a coffee tasting on Saturday morning. More of that please."
FB021,2026-08-04,Email,,CUS0034,"My gift card says it expires in October. If I use part of it now does the rest carry on to a new card?"
FB022,2026-08-04,Google Review,4,CUS0008,"Good range, fair prices. The storage baskets are better quality than the ones I paid more for elsewhere."
FB023,2026-08-03,Website chat,,CUS0050,"Can I change the delivery address on an order I placed an hour ago? I sent it to my old flat."
FB024,2026-08-03,Google Review,2,CUS0016,"Went to Jurong East for the pour-over set the website said was in stock there. It was not. Wasted trip."
FB025,2026-08-02,Email,,CUS0024,"Do you do corporate orders? I need about 40 gift boxes for staff in December, with our logo on a card inside."
FB026,2026-08-02,Instagram DM,,CUS0045,"Are the soy candles vegan and is the wax palm free? Trying to avoid palm."
FB027,2026-08-01,Google Review,3,CUS0036,"The decaf is fine but nothing special next to your single origin. Would not reorder."
FB028,2026-08-01,Email,2,CUS0058,"Second order in a row that arrived with an item missing. The refund came through but I would rather have the item."
FB029,2026-07-31,Website chat,,CUS0012,"What is the difference between Silver and Gold in the loyalty programme? I spent about SGD 600 last year."
FB030,2026-07-31,Google Review,5,CUS0027,"Bought the coffee gift box for a colleague leaving the company. She messaged me a photo of it that evening. Perfect."
