sku,name,category,material,size,colour,care_instructions,origin_country,certification,cost_price,retail_price,stock_on_hand,supplier,lead_time_weeks
BB-DRK-011,Stoneware Latte Cup 280ml,Drinkware,Stoneware,280ml,Oat,Dishwasher safe,Portugal,,9.20,24.00,180,Alvaro Ceramics,6
BB-DRK-014,Double-Walled Stoneware Mug 350ml,Drinkware,Stoneware,350ml,Matte charcoal,Dishwasher safe,Portugal,,11.80,32.00,240,Alvaro Ceramics,6
BB-DRK-017,Borosilicate Glass Tumbler 400ml,Drinkware,Borosilicate glass,400ml,Clear,Dishwasher safe,China,,6.40,19.00,310,Kanto Glassware,8
BB-DRK-021,Insulated Steel Travel Flask 500ml,Drinkware,Stainless steel,500ml,Brushed steel,Hand wash only,China,BPA free,18.50,46.00,95,Kanto Glassware,8
BB-DRK-026,Ceramic Pour-Over Set,Drinkware,Ceramic,2-cup,Chalk white,Hand wash only,Portugal,,24.00,68.00,60,Alvaro Ceramics,6
BB-COF-041,House Blend Coffee Beans 250g,Coffee & Tea,Arabica beans,250g,,"Store airtight, dry",Singapore,Rainforest Alliance,7.10,18.50,420,Jalan Roasters,3
BB-COF-043,Single Origin Ethiopia 250g,Coffee & Tea,Arabica beans,250g,,"Store airtight, dry",Ethiopia,Organic,9.60,26.00,260,Jalan Roasters,3
BB-COF-045,Decaf Swiss Water 250g,Coffee & Tea,Arabica beans,250g,,"Store airtight, dry",Colombia,Organic,9.90,25.00,140,Jalan Roasters,3
BB-COF-052,Loose Leaf Jasmine Green 100g,Coffee & Tea,Green tea leaves,100g,,"Store airtight, dry",China,,5.20,16.00,190,Wan Fu Tea,5
BB-COF-055,Cold Brew Filter Bags (8 pack),Coffee & Tea,Arabica beans,8 x 30g,,Refrigerate after brewing,Singapore,,6.80,21.00,150,Jalan Roasters,3
BB-FRG-061,Soy Candle Fig & Cedar 220g,Home Fragrance,Soy wax,220g,Terracotta,Trim wick to 5mm,Singapore,Vegan,8.40,34.00,210,Ember & Co,7
BB-FRG-064,Soy Candle Sea Salt 220g,Home Fragrance,Soy wax,220g,Pale blue,Trim wick to 5mm,Singapore,Vegan,8.40,34.00,165,Ember & Co,7
BB-FRG-068,Reed Diffuser Neroli 200ml,Home Fragrance,"Glass, rattan reeds",200ml,Amber glass,Keep upright,Singapore,Vegan,12.20,42.00,130,Ember & Co,7
BB-FRG-072,Room Mist Lemongrass 100ml,Home Fragrance,Glass,100ml,Frosted,Shake before use,Singapore,Vegan,6.90,22.00,340,Ember & Co,7
BB-HOM-081,Linen Tea Towel Set of 2,Homeware,European linen,50 x 70cm,Sand,Machine wash 40C,Lithuania,OEKO-TEX,11.50,29.00,145,Baltic Linen House,9
BB-HOM-084,Oak Serving Board Small,Homeware,European oak,30 x 18cm,Natural oak,"Oil monthly, hand wash",Poland,FSC certified,16.00,44.00,88,Baltic Linen House,9
BB-HOM-087,Woven Storage Basket Medium,Homeware,Seagrass,32 x 28cm,Natural,Wipe clean,Vietnam,,14.50,39.00,260,Mekong Weavers,10
BB-HOM-092,Ribbed Glass Vase 22cm,Homeware,Recycled glass,22cm,Smoke grey,Hand wash only,Spain,Recycled content,13.00,38.00,175,Kanto Glassware,8
BB-GFT-101,Coffee Lover Gift Box,Gift Sets,"Beans, mug, filter bags",Gift box,,See component care,Singapore,,28.00,78.00,120,Bloom & Brew Assembly,2
BB-GFT-104,Calm Evening Gift Box,Gift Sets,"Candle, tea, tea towel",Gift box,,See component care,Singapore,,31.00,86.00,95,Bloom & Brew Assembly,2
BB-GFT-107,New Home Gift Box,Gift Sets,"Diffuser, vase, board",Gift box,,See component care,Singapore,,44.00,118.00,70,Bloom & Brew Assembly,2
BB-STA-031,Recycled Kraft Notebook A5,Stationery,Recycled paper,"A5, 120 pages",Kraft,Keep dry,Vietnam,Recycled content,9.40,9.00,300,Mekong Weavers,10
BB-STA-034,Refillable Brass Pen,Stationery,Brass,14cm,Antique brass,Wipe clean,India,,12.60,36.00,110,Mekong Weavers,10
BB-STA-037,Linen-Bound Recipe Journal,Stationery,"Linen, recycled paper","B5, 160 pages",Ecru,Keep dry,Vietnam,Recycled content,15.80,42.00,64,Mekong Weavers,10
