order_id,order_date,customer_id,sku,qty,unit_price,channel,store
SO45021,2026-03-01,CUS0002,BB-DRK-021,2,46.00,Store,Katong
SO45021,2026-03-01,CUS0002,BB-HOM-084,1,44.00,Store,Katong
SO45025,2026-03-02,CUS0011,BB-DRK-017,1,19.00,Store,Tampines
SO45002,2026-03-03,CUS0007,BB-DRK-014,1,32.00,Store,Woodlands
SO45042,2026-03-03,CUS0058,BB-FRG-072,3,22.00,Online,Online
SO45020,2026-03-04,CUS0004,BB-HOM-087,1,39.00,Online,Online
SO45026,2026-03-04,CUS0014,BB-FRG-061,3,34.00,Online,Online
SO45026,2026-03-04,CUS0014,BB-COF-045,2,25.00,Online,Online
SO45050,2026-03-05,CUS0022,BB-DRK-011,1,24.00,Online,Online
SO45024,2026-03-06,CUS0048,BB-COF-041,3,18.50,Online,Online
SO45038,2026-03-06,CUS0015,BB-FRG-068,2,42.00,Online,Online
SO45048,2026-03-06,CUS0001,BB-GFT-104,1,86.00,Store,Orchard
SO45013,2026-03-08,CUS0044,BB-DRK-014,3,32.00,Store,Orchard
SO45013,2026-03-08,CUS0044,BB-DRK-017,1,19.00,Store,Orchard
SO45013,2026-03-08,CUS0044,BB-FRG-061,2,34.00,Store,Orchard
SO45031,2026-03-09,CUS0002,BB-COF-045,1,25.00,Online,Online
SO45023,2026-03-10,CUS0008,BB-DRK-011,1,24.00,Store,Woodlands
SO45003,2026-03-11,CUS0011,BB-DRK-017,4,19.00,Online,Online
SO45003,2026-03-11,CUS0011,BB-DRK-014,2,32.00,Online,Online
SO45012,2026-03-11,CUS0022,BB-DRK-014,2,32.00,Store,Jurong East
SO45016,2026-03-11,CUS0016,BB-DRK-011,1,24.00,Store,Tampines
SO45019,2026-03-12,CUS0036,BB-HOM-092,4,38.00,Store,Tampines
SO45019,2026-03-12,CUS0036,BB-COF-045,1,25.00,Store,Tampines
SO45043,2026-03-13,CUS0004,BB-COF-041,4,18.50,Store,Jurong East
SO45051,2026-03-13,CUS0017,BB-FRG-072,2,22.00,Online,Online
SO45051,2026-03-13,CUS0017,BB-COF-043,1,26.00,Online,Online
SO45051,2026-03-13,CUS0017,BB-HOM-084,1,44.00,Online,Online
SO45053,2026-03-13,CUS0010,BB-GFT-101,1,78.00,Online,Online
SO45053,2026-03-13,CUS0010,BB-COF-041,1,18.50,Online,Online
SO45053,2026-03-13,CUS0010,BB-COF-052,3,16.00,Online,Online
SO45011,2026-03-14,CUS0019,BB-DRK-017,1,19.00,Store,Tampines
SO45018,2026-03-14,CUS0043,BB-COF-043,2,26.00,Store,Tampines
SO45004,2026-03-15,CUS0016,BB-HOM-092,1,38.00,Store,Orchard
SO45004,2026-03-15,CUS0016,BB-STA-034,2,36.00,Store,Orchard
SO45036,2026-03-15,CUS0008,BB-STA-031,1,9.00,Store,Orchard
SO45041,2026-03-15,CUS0019,BB-DRK-026,1,68.00,Online,Online
SO45041,2026-03-15,CUS0019,BB-COF-041,1,18.50,Online,Online
SO45047,2026-03-16,CUS0047,BB-COF-041,1,18.50,Store,Tampines
SO45047,2026-03-16,CUS0047,BB-FRG-064,3,34.00,Store,Tampines
SO45008,2026-03-17,CUS0011,BB-DRK-026,3,68.00,Store,Tampines
SO45008,2026-03-17,CUS0011,BB-GFT-107,3,118.00,Store,Tampines
SO45028,2026-03-17,CUS0004,BB-COF-043,1,26.00,Online,Online
SO45028,2026-03-17,CUS0004,BB-DRK-011,1,24.00,Online,Online
SO45028,2026-03-17,CUS0004,BB-COF-041,1,18.50,Online,Online
SO45044,2026-03-17,CUS0010,BB-DRK-021,1,46.00,Store,Tampines
SO45015,2026-03-18,CUS0001,BB-COF-043,2,26.00,Store,Katong
SO45015,2026-03-18,CUS0001,BB-COF-052,2,16.00,Store,Katong
SO45005,2026-03-19,CUS0043,BB-COF-041,3,18.50,Online,Online
SO45005,2026-03-19,CUS0043,BB-COF-041,1,18.50,Online,Online
SO45005,2026-03-19,CUS0043,BB-HOM-084,1,44.00,Online,Online
SO45010,2026-03-19,CUS0007,BB-FRG-064,2,34.00,Online,Online
SO45010,2026-03-19,CUS0007,BB-DRK-014,3,32.00,Online,Online
SO45010,2026-03-19,CUS0007,BB-GFT-101,1,78.00,Online,Online
SO45054,2026-03-19,CUS0018,BB-COF-043,4,26.00,Online,Online
SO45006,2026-03-20,CUS0009,BB-COF-041,2,18.50,Online,Online
SO45006,2026-03-20,CUS0009,BB-COF-041,4,18.50,Online,Online
SO45032,2026-03-20,CUS0020,BB-HOM-087,1,39.00,Store,Katong
SO45032,2026-03-20,CUS0020,BB-DRK-011,4,24.00,Store,Katong
SO45009,2026-03-21,CUS0018,BB-GFT-101,4,78.00,Store,Tampines
SO45014,2026-03-21,CUS0018,BB-FRG-068,3,42.00,Online,Online
SO45035,2026-03-21,CUS0009,BB-COF-041,2,18.50,Store,Orchard
SO45052,2026-03-21,CUS0004,BB-COF-043,1,26.00,Store,Orchard
SO45001,2026-03-22,CUS0003,BB-COF-041,2,18.50,Store,Orchard
SO45001,2026-03-22,CUS0003,BB-COF-041,1,18.50,Store,Orchard
SO45039,2026-03-22,CUS0002,BB-GFT-101,1,78.00,Store,Woodlands
SO45039,2026-03-22,CUS0002,BB-COF-041,1,18.50,Store,Woodlands
SO45039,2026-03-22,CUS0002,BB-STA-031,1,9.00,Store,Woodlands
SO45017,2026-03-23,CUS0019,BB-DRK-011,1,24.00,Online,Online
SO45045,2026-03-23,CUS0003,BB-DRK-017,1,19.00,Store,Tampines
SO45049,2026-03-23,CUS0016,BB-DRK-017,4,19.00,Store,Jurong East
SO45007,2026-03-26,CUS0005,BB-DRK-021,3,46.00,Store,Jurong East
SO45007,2026-03-26,CUS0005,BB-DRK-014,1,32.00,Store,Jurong East
SO45022,2026-03-27,CUS0007,BB-STA-031,1,9.00,Store,Jurong East
SO45029,2026-03-27,CUS0047,BB-DRK-014,1,32.00,Store,Orchard
SO45029,2026-03-27,CUS0047,BB-HOM-081,3,29.00,Store,Orchard
SO45029,2026-03-27,CUS0047,BB-HOM-084,2,44.00,Store,Orchard
SO45033,2026-03-27,CUS0010,BB-FRG-064,4,34.00,Store,Jurong East
SO45033,2026-03-27,CUS0010,BB-COF-043,2,26.00,Store,Jurong East
SO45033,2026-03-27,CUS0010,BB-COF-045,1,25.00,Store,Jurong East
SO45034,2026-03-27,CUS0007,BB-DRK-017,4,19.00,Store,Orchard
SO45034,2026-03-27,CUS0007,BB-FRG-061,4,34.00,Store,Orchard
SO45040,2026-03-27,CUS0005,BB-COF-043,2,26.00,Store,Novena
SO45040,2026-03-27,CUS0005,BB-DRK-014,1,32.00,Store,Novena
SO45046,2026-03-27,CUS0008,BB-GFT-104,3,86.00,Store,Orchard
SO45027,2026-03-28,CUS0018,BB-COF-043,1,26.00,Store,Jurong East
SO45030,2026-03-28,CUS0009,BB-HOM-087,1,39.00,Store,Woodlands
SO45030,2026-03-28,CUS0009,BB-COF-041,1,18.50,Store,Woodlands
SO45037,2026-03-28,CUS0015,BB-FRG-068,2,42.00,Store,Jurong East
SO45037,2026-03-28,CUS0015,BB-HOM-081,2,29.00,Store,Jurong East
SO45037,2026-03-28,CUS0015,BB-DRK-017,2,19.00,Store,Jurong East
SO45066,2026-04-01,CUS0038,BB-COF-041,3,18.50,Store,Katong
SO45097,2026-04-01,CUS0021,BB-COF-043,1,26.00,Store,Katong
SO45103,2026-04-01,CUS0009,BB-DRK-011,1,24.00,Store,Jurong East
SO45069,2026-04-02,CUS0012,BB-HOM-092,1,38.00,Online,Online
SO45093,2026-04-02,CUS0006,BB-HOM-084,1,44.00,Online,Online
SO45093,2026-04-02,CUS0006,BB-DRK-011,3,24.00,Online,Online
SO45108,2026-04-02,CUS0005,BB-DRK-014,1,32.00,Store,Tampines
SO45072,2026-04-03,CUS0035,BB-GFT-104,1,86.00,Online,Online
SO45072,2026-04-03,CUS0035,BB-COF-043,3,26.00,Online,Online
SO45112,2026-04-03,CUS0011,BB-HOM-087,2,39.00,Store,Katong
SO45112,2026-04-03,CUS0011,BB-HOM-084,2,44.00,Store,Katong
SO45112,2026-04-03,CUS0011,BB-FRG-068,2,42.00,Store,Katong
SO45075,2026-04-04,CUS0016,BB-COF-052,1,16.00,Online,Online
SO45075,2026-04-04,CUS0016,BB-GFT-101,1,78.00,Online,Online
SO45077,2026-04-04,CUS0007,BB-COF-041,1,18.50,Online,Online
SO45090,2026-04-04,CUS0011,BB-COF-041,1,18.50,Online,Online
SO45110,2026-04-04,CUS0017,BB-DRK-017,1,19.00,Online,Online
SO45110,2026-04-04,CUS0017,BB-COF-043,1,26.00,Online,Online
SO45055,2026-04-05,CUS0006,BB-FRG-064,3,34.00,Store,Tampines
SO45063,2026-04-05,CUS0035,BB-FRG-061,1,34.00,Store,Orchard
SO45085,2026-04-05,CUS0007,BB-FRG-061,2,34.00,Online,Online
SO45085,2026-04-05,CUS0007,BB-GFT-107,1,118.00,Online,Online
SO45095,2026-04-05,CUS0013,BB-COF-041,1,18.50,Online,Online
SO45065,2026-04-06,CUS0011,BB-COF-045,4,25.00,Store,Orchard
SO45070,2026-04-06,CUS0002,BB-DRK-011,1,24.00,Store,Tampines
SO45111,2026-04-06,CUS0009,BB-COF-052,1,16.00,Store,Orchard
SO45111,2026-04-06,CUS0009,BB-DRK-021,2,46.00,Store,Orchard
SO45111,2026-04-06,CUS0009,BB-COF-052,1,16.00,Store,Orchard
SO45102,2026-04-07,CUS0006,BB-COF-043,4,26.00,Online,Online
SO45102,2026-04-07,CUS0006,BB-FRG-072,1,22.00,Online,Online
SO45082,2026-04-08,CUS0046,BB-GFT-107,2,118.00,Store,Novena
SO45082,2026-04-08,CUS0046,BB-DRK-011,2,24.00,Store,Novena
SO45088,2026-04-08,CUS0040,BB-COF-041,2,18.50,Online,Online
SO45074,2026-04-09,CUS0043,BB-DRK-017,2,19.00,Store,Woodlands
SO45074,2026-04-09,CUS0043,BB-COF-041,1,18.50,Store,Woodlands
SO45074,2026-04-09,CUS0043,BB-FRG-068,2,42.00,Store,Woodlands
SO45080,2026-04-11,CUS0005,BB-HOM-084,1,44.00,Online,Online
SO45104,2026-04-11,CUS0006,BB-COF-041,3,18.50,Online,Online
SO45057,2026-04-12,CUS0051,BB-DRK-014,2,32.00,Store,Tampines
SO45058,2026-04-12,CUS0012,BB-HOM-087,1,39.00,Store,Novena
SO45086,2026-04-12,CUS0009,BB-COF-043,3,26.00,Online,Online
SO45086,2026-04-12,CUS0009,BB-DRK-026,2,68.00,Online,Online
SO45106,2026-04-12,CUS0046,BB-COF-041,2,18.50,Store,Orchard
SO45059,2026-04-13,CUS0013,BB-FRG-061,1,34.00,Store,Katong
SO45059,2026-04-13,CUS0013,BB-FRG-064,2,34.00,Store,Katong
SO45059,2026-04-13,CUS0013,BB-COF-043,3,26.00,Store,Katong
SO45073,2026-04-13,CUS0018,BB-GFT-107,1,118.00,Store,Orchard
SO45105,2026-04-13,CUS0010,BB-FRG-064,2,34.00,Store,Katong
SO45105,2026-04-13,CUS0010,BB-DRK-011,3,24.00,Store,Katong
SO45119,2026-04-13,CUS0009,BB-COF-052,2,16.00,Online,Online
SO45083,2026-04-15,CUS0010,BB-COF-041,2,18.50,Store,Novena
SO45099,2026-04-16,CUS0022,BB-FRG-064,1,34.00,Store,Jurong East
SO45099,2026-04-16,CUS0022,BB-DRK-014,1,32.00,Store,Jurong East
SO45099,2026-04-16,CUS0022,BB-COF-041,1,18.50,Store,Jurong East
SO45120,2026-04-16,CUS0036,BB-FRG-064,1,34.00,Online,Online
SO45120,2026-04-16,CUS0036,BB-DRK-017,1,19.00,Online,Online
SO45056,2026-04-17,CUS0016,BB-HOM-092,1,38.00,Online,Online
SO45094,2026-04-17,CUS0009,BB-COF-041,2,18.50,Online,Online
SO45071,2026-04-18,CUS0006,BB-GFT-104,1,86.00,Store,Katong
SO45071,2026-04-18,CUS0006,BB-COF-043,1,26.00,Store,Katong
SO45068,2026-04-19,CUS0016,BB-COF-045,1,25.00,Store,Tampines
SO45068,2026-04-19,CUS0016,BB-DRK-021,1,46.00,Store,Tampines
SO45115,2026-04-19,CUS0005,BB-COF-041,1,18.50,Online,Online
SO45115,2026-04-19,CUS0005,BB-DRK-017,2,19.00,Online,Online
SO45079,2026-04-20,CUS0043,BB-STA-034,2,36.00,Online,Online
SO45081,2026-04-20,CUS0002,BB-HOM-092,1,38.00,Store,Orchard
SO45100,2026-04-20,CUS0035,BB-DRK-021,1,46.00,Store,Novena
SO45062,2026-04-21,CUS0003,BB-COF-043,2,26.00,Store,Tampines
SO45084,2026-04-21,CUS0004,BB-FRG-061,3,34.00,Store,Katong
SO45084,2026-04-21,CUS0004,BB-GFT-101,4,78.00,Store,Katong
SO45091,2026-04-21,CUS0002,BB-FRG-061,3,34.00,Store,Tampines
SO45091,2026-04-21,CUS0002,BB-DRK-014,2,32.00,Store,Tampines
SO45091,2026-04-21,CUS0002,BB-HOM-081,1,29.00,Store,Tampines
SO45098,2026-04-21,CUS0013,BB-FRG-061,1,34.00,Store,Orchard
SO45098,2026-04-21,CUS0013,BB-FRG-061,1,34.00,Store,Orchard
SO45114,2026-04-21,CUS0018,BB-STA-031,1,9.00,Store,Orchard
SO45116,2026-04-21,CUS0010,BB-COF-041,1,18.50,Store,Tampines
SO45118,2026-04-21,CUS0001,BB-DRK-014,3,32.00,Store,Novena
SO45118,2026-04-21,CUS0001,BB-STA-031,1,9.00,Store,Novena
SO45060,2026-04-22,CUS0001,BB-COF-041,2,18.50,Online,Online
SO45067,2026-04-22,CUS0013,BB-COF-045,2,25.00,Store,Jurong East
SO45067,2026-04-22,CUS0013,BB-DRK-021,1,46.00,Store,Jurong East
SO45101,2026-04-22,CUS0037,BB-FRG-064,2,34.00,Online,Online
SO45061,2026-04-23,CUS0010,BB-FRG-061,1,34.00,Store,Orchard
SO45087,2026-04-23,CUS0003,BB-COF-052,3,16.00,Store,Katong
SO45089,2026-04-23,CUS0015,BB-FRG-068,1,42.00,Store,Novena
SO45113,2026-04-23,CUS0012,BB-DRK-014,2,32.00,Store,Jurong East
SO45107,2026-04-24,CUS0045,BB-HOM-092,2,38.00,Store,Tampines
SO45064,2026-04-25,CUS0009,BB-COF-041,2,18.50,Online,Online
SO45064,2026-04-25,CUS0009,BB-DRK-026,2,68.00,Online,Online
SO45078,2026-04-25,CUS0011,BB-HOM-081,2,29.00,Store,Tampines
SO45096,2026-04-25,CUS0022,BB-DRK-017,3,19.00,Store,Woodlands
SO45109,2026-04-25,CUS0018,BB-FRG-061,2,34.00,Store,Tampines
SO45109,2026-04-25,CUS0018,BB-FRG-072,4,22.00,Store,Tampines
SO45117,2026-04-26,CUS0042,BB-COF-041,1,18.50,Store,Novena
SO45117,2026-04-26,CUS0042,BB-GFT-104,2,86.00,Store,Novena
SO45092,2026-04-27,CUS0002,BB-STA-031,1,9.00,Online,Online
SO45092,2026-04-27,CUS0002,BB-DRK-021,1,46.00,Online,Online
SO45076,2026-04-28,CUS0059,BB-HOM-081,2,29.00,Store,Katong
SO45156,2026-05-01,CUS0021,BB-GFT-107,1,118.00,Online,Online
SO45159,2026-05-01,CUS0009,BB-DRK-017,1,19.00,Store,Katong
SO45128,2026-05-02,CUS0002,BB-COF-043,1,26.00,Online,Online
SO45169,2026-05-02,CUS0021,BB-FRG-061,2,34.00,Online,Online
SO45169,2026-05-02,CUS0021,BB-DRK-026,2,68.00,Online,Online
SO45121,2026-05-03,CUS0015,BB-FRG-064,3,34.00,Store,Tampines
SO45121,2026-05-03,CUS0015,BB-GFT-101,4,78.00,Store,Tampines
SO45121,2026-05-03,CUS0015,BB-COF-045,2,25.00,Store,Tampines
SO45142,2026-05-03,CUS0012,BB-HOM-092,1,38.00,Online,Online
SO45160,2026-05-03,CUS0006,BB-COF-041,3,18.50,Store,Novena
SO45178,2026-05-03,CUS0007,BB-COF-041,2,18.50,Store,Orchard
SO45145,2026-05-04,CUS0009,BB-STA-031,1,9.00,Store,Tampines
SO45150,2026-05-04,CUS0014,BB-COF-052,2,16.00,Store,Woodlands
SO45150,2026-05-04,CUS0014,BB-HOM-084,2,44.00,Store,Woodlands
SO45198,2026-05-04,CUS0022,BB-FRG-064,1,34.00,Store,Tampines
SO45189,2026-05-05,CUS0022,BB-DRK-021,2,46.00,Store,Jurong East
SO45135,2026-05-06,CUS0003,BB-DRK-014,1,32.00,Store,Novena
SO45141,2026-05-06,CUS0010,BB-DRK-017,4,19.00,Online,Online
SO45153,2026-05-06,CUS0030,BB-COF-052,1,16.00,Store,Novena
SO45155,2026-05-06,CUS0005,BB-DRK-017,2,19.00,Store,Katong
SO45155,2026-05-06,CUS0005,BB-FRG-061,1,34.00,Store,Katong
SO45139,2026-05-07,CUS0034,BB-COF-041,1,18.50,Store,Novena
SO45151,2026-05-07,CUS0010,BB-STA-037,3,42.00,Store,Novena
SO45163,2026-05-07,CUS0033,BB-COF-043,3,26.00,Online,Online
SO45170,2026-05-07,CUS0007,BB-DRK-017,1,19.00,Store,Orchard
SO45170,2026-05-07,CUS0007,BB-FRG-061,1,34.00,Store,Orchard
SO45190,2026-05-07,CUS0011,BB-COF-041,4,18.50,Store,Novena
SO45165,2026-05-08,CUS0023,BB-COF-041,3,18.50,Online,Online
SO45165,2026-05-08,CUS0023,BB-COF-055,4,21.00,Online,Online
SO45127,2026-05-09,CUS0001,BB-FRG-061,1,34.00,Online,Online
SO45136,2026-05-09,CUS0025,BB-DRK-011,1,24.00,Store,Woodlands
SO45168,2026-05-09,CUS0008,BB-COF-041,2,18.50,Store,Tampines
SO45140,2026-05-10,CUS0002,BB-DRK-017,2,19.00,Store,Tampines
SO45140,2026-05-10,CUS0002,BB-DRK-011,2,24.00,Store,Tampines
SO45143,2026-05-10,CUS0011,BB-DRK-011,3,24.00,Store,Jurong East
SO45158,2026-05-10,CUS0008,BB-HOM-092,1,38.00,Store,Novena
SO45180,2026-05-11,CUS0005,BB-COF-043,1,26.00,Store,Novena
SO45181,2026-05-11,CUS0007,BB-COF-043,2,26.00,Online,Online
SO45181,2026-05-11,CUS0007,BB-COF-043,2,26.00,Online,Online
SO45186,2026-05-11,CUS0017,BB-FRG-064,1,34.00,Store,Orchard
SO45194,2026-05-11,CUS0010,BB-COF-041,2,18.50,Store,Novena
SO45157,2026-05-13,CUS0026,BB-GFT-107,2,118.00,Store,Novena
SO45157,2026-05-13,CUS0026,BB-DRK-017,1,19.00,Store,Novena
SO45167,2026-05-13,CUS0006,BB-COF-055,1,21.00,Store,Katong
SO45167,2026-05-13,CUS0006,BB-DRK-014,2,32.00,Store,Katong
SO45183,2026-05-13,CUS0010,BB-DRK-014,2,32.00,Store,Novena
SO45123,2026-05-14,CUS0032,BB-FRG-061,1,34.00,Online,Online
SO45162,2026-05-14,CUS0002,BB-COF-055,2,21.00,Store,Jurong East
SO45164,2026-05-14,CUS0032,BB-COF-055,1,21.00,Store,Orchard
SO45182,2026-05-14,CUS0014,BB-FRG-068,1,42.00,Online,Online
SO45182,2026-05-14,CUS0014,BB-FRG-061,2,34.00,Online,Online
SO45184,2026-05-14,CUS0001,BB-STA-034,1,36.00,Store,Woodlands
SO45184,2026-05-14,CUS0001,BB-COF-043,1,26.00,Store,Woodlands
SO45122,2026-05-15,CUS0001,BB-COF-052,1,16.00,Online,Online
SO45122,2026-05-15,CUS0001,BB-FRG-072,2,22.00,Online,Online
SO45161,2026-05-15,CUS0016,BB-DRK-011,1,24.00,Store,Orchard
SO45161,2026-05-15,CUS0016,BB-COF-041,2,18.50,Store,Orchard
SO45171,2026-05-15,CUS0025,BB-COF-041,3,18.50,Store,Katong
SO45187,2026-05-15,CUS0034,BB-FRG-068,4,42.00,Online,Online
SO45193,2026-05-15,CUS0006,BB-FRG-068,1,42.00,Online,Online
SO45192,2026-05-16,CUS0015,BB-DRK-014,2,32.00,Online,Online
SO45192,2026-05-16,CUS0015,BB-DRK-014,1,32.00,Online,Online
SO45126,2026-05-17,CUS0034,BB-COF-043,1,26.00,Store,Novena
SO45195,2026-05-17,CUS0008,BB-COF-052,1,16.00,Store,Orchard
SO45196,2026-05-18,CUS0019,BB-GFT-104,2,86.00,Store,Novena
SO45129,2026-05-19,CUS0012,BB-GFT-107,1,118.00,Online,Online
SO45129,2026-05-19,CUS0012,BB-FRG-064,2,34.00,Online,Online
SO45129,2026-05-19,CUS0012,BB-DRK-021,1,46.00,Online,Online
SO45152,2026-05-20,CUS0022,BB-COF-045,3,25.00,Store,Orchard
SO45174,2026-05-20,CUS0014,BB-GFT-104,2,86.00,Store,Orchard
SO45146,2026-05-21,CUS0003,BB-FRG-061,2,34.00,Store,Novena
SO45173,2026-05-21,CUS0018,BB-COF-052,1,16.00,Store,Woodlands
SO45176,2026-05-21,CUS0001,BB-COF-055,3,21.00,Online,Online
SO45176,2026-05-21,CUS0001,BB-COF-043,3,26.00,Online,Online
SO45197,2026-05-21,CUS0029,BB-COF-041,1,18.50,Store,Woodlands
SO45124,2026-05-22,CUS0009,BB-HOM-081,2,29.00,Online,Online
SO45124,2026-05-22,CUS0009,BB-GFT-101,2,78.00,Online,Online
SO45137,2026-05-22,CUS0024,BB-FRG-064,1,34.00,Online,Online
SO45144,2026-05-22,CUS0034,BB-COF-041,2,18.50,Online,Online
SO45131,2026-05-23,CUS0003,BB-FRG-072,2,22.00,Store,Orchard
SO45131,2026-05-23,CUS0003,BB-HOM-084,3,44.00,Store,Orchard
SO45199,2026-05-23,CUS0020,BB-DRK-014,1,32.00,Store,Katong
SO45199,2026-05-23,CUS0020,BB-HOM-081,3,29.00,Store,Katong
SO45133,2026-05-24,CUS0005,BB-COF-052,3,16.00,Online,Online
SO45138,2026-05-24,CUS0009,BB-FRG-064,1,34.00,Online,Online
SO45138,2026-05-24,CUS0009,BB-DRK-014,3,32.00,Online,Online
SO45147,2026-05-24,CUS0018,BB-FRG-064,1,34.00,Online,Online
SO45149,2026-05-24,CUS0030,BB-FRG-061,2,34.00,Store,Orchard
SO45149,2026-05-24,CUS0030,BB-COF-041,4,18.50,Store,Orchard
SO45154,2026-05-24,CUS0002,BB-HOM-087,2,39.00,Online,Online
SO45154,2026-05-24,CUS0002,BB-GFT-104,1,86.00,Online,Online
SO45188,2026-05-24,CUS0017,BB-DRK-026,2,68.00,Online,Online
SO45188,2026-05-24,CUS0017,BB-FRG-064,4,34.00,Online,Online
SO45188,2026-05-24,CUS0017,BB-HOM-092,4,38.00,Online,Online
SO45191,2026-05-24,CUS0018,BB-STA-031,1,9.00,Online,Online
SO45191,2026-05-24,CUS0018,BB-STA-034,1,36.00,Online,Online
SO45132,2026-05-25,CUS0004,BB-FRG-061,1,34.00,Online,Online
SO45132,2026-05-25,CUS0004,BB-DRK-021,4,46.00,Online,Online
SO45125,2026-05-27,CUS0012,BB-COF-055,1,21.00,Store,Katong
SO45172,2026-05-27,CUS0027,BB-DRK-021,1,46.00,Store,Woodlands
SO45177,2026-05-27,CUS0018,BB-COF-041,1,18.50,Store,Novena
SO45185,2026-05-27,CUS0003,BB-HOM-087,1,39.00,Store,Novena
SO45130,2026-05-28,CUS0012,BB-FRG-061,2,34.00,Store,Novena
SO45134,2026-05-28,CUS0003,BB-COF-043,2,26.00,Store,Novena
SO45148,2026-05-28,CUS0005,BB-HOM-081,1,29.00,Online,Online
SO45166,2026-05-28,CUS0022,BB-COF-043,2,26.00,Store,Woodlands
SO45175,2026-05-28,CUS0008,BB-DRK-026,1,68.00,Online,Online
SO45179,2026-05-28,CUS0034,BB-COF-043,1,26.00,Store,Orchard
SO45255,2026-06-01,CUS0005,BB-COF-041,1,18.50,Store,Orchard
SO45255,2026-06-01,CUS0005,BB-COF-043,1,26.00,Store,Orchard
SO45202,2026-06-02,CUS0034,BB-HOM-084,1,44.00,Store,Katong
SO45202,2026-06-02,CUS0034,BB-DRK-017,2,19.00,Store,Katong
SO45227,2026-06-02,CUS0015,BB-DRK-017,1,19.00,Online,Online
SO45228,2026-06-02,CUS0027,BB-COF-043,1,26.00,Store,Tampines
SO45242,2026-06-02,CUS0007,BB-COF-041,2,18.50,Store,Orchard
SO45249,2026-06-02,CUS0034,BB-GFT-107,1,118.00,Store,Tampines
SO45249,2026-06-02,CUS0034,BB-HOM-081,1,29.00,Store,Tampines
SO45250,2026-06-02,CUS0028,BB-HOM-081,2,29.00,Store,Novena
SO45250,2026-06-02,CUS0028,BB-DRK-017,2,19.00,Store,Novena
SO45247,2026-06-03,CUS0032,BB-COF-055,1,21.00,Online,Online
SO45254,2026-06-03,CUS0021,BB-GFT-104,2,86.00,Store,Jurong East
SO45254,2026-06-03,CUS0021,BB-FRG-064,1,34.00,Store,Jurong East
SO45200,2026-06-04,CUS0004,BB-GFT-107,2,118.00,Online,Online
SO45204,2026-06-04,CUS0004,BB-COF-043,1,26.00,Store,Novena
SO45205,2026-06-04,CUS0003,BB-FRG-064,2,34.00,Store,Tampines
SO45205,2026-06-04,CUS0003,BB-COF-041,2,18.50,Store,Tampines
SO45222,2026-06-04,CUS0007,BB-DRK-021,1,46.00,Store,Katong
SO45222,2026-06-04,CUS0007,BB-DRK-014,1,32.00,Store,Katong
SO45223,2026-06-04,CUS0033,BB-DRK-017,4,19.00,Store,Tampines
SO45223,2026-06-04,CUS0033,BB-FRG-064,1,34.00,Store,Tampines
SO45248,2026-06-04,CUS0004,BB-COF-055,1,21.00,Online,Online
SO45248,2026-06-04,CUS0004,BB-COF-041,3,18.50,Online,Online
SO45231,2026-06-05,CUS0016,BB-COF-055,2,21.00,Online,Online
SO45252,2026-06-05,CUS0009,BB-COF-043,3,26.00,Online,Online
SO45252,2026-06-05,CUS0009,BB-FRG-061,3,34.00,Online,Online
SO45253,2026-06-05,CUS0007,BB-COF-055,3,21.00,Online,Online
SO45210,2026-06-06,CUS0020,BB-DRK-021,3,46.00,Store,Orchard
SO45256,2026-06-06,CUS0015,BB-DRK-026,4,68.00,Store,Novena
SO45215,2026-06-07,CUS0011,BB-COF-055,1,21.00,Store,Tampines
SO45215,2026-06-07,CUS0011,BB-DRK-011,1,24.00,Store,Tampines
SO45234,2026-06-07,CUS0002,BB-COF-055,2,21.00,Online,Online
SO45213,2026-06-08,CUS0033,BB-COF-055,1,21.00,Store,Orchard
SO45213,2026-06-08,CUS0033,BB-HOM-084,3,44.00,Store,Orchard
SO45213,2026-06-08,CUS0033,BB-COF-041,2,18.50,Store,Orchard
SO45216,2026-06-08,CUS0017,BB-FRG-061,1,34.00,Online,Online
SO45216,2026-06-08,CUS0017,BB-COF-043,2,26.00,Online,Online
SO45238,2026-06-08,CUS0026,BB-COF-045,2,25.00,Store,Orchard
SO45238,2026-06-08,CUS0026,BB-COF-045,1,25.00,Store,Orchard
SO45229,2026-06-09,CUS0011,BB-COF-041,2,18.50,Online,Online
SO45244,2026-06-09,CUS0021,BB-DRK-017,1,19.00,Online,Online
SO45251,2026-06-09,CUS0033,BB-GFT-104,1,86.00,Store,Katong
SO45251,2026-06-09,CUS0033,BB-GFT-101,1,78.00,Store,Katong
SO45206,2026-06-10,CUS0016,BB-DRK-026,1,68.00,Store,Tampines
SO45235,2026-06-10,CUS0018,BB-HOM-081,1,29.00,Store,Tampines
SO45236,2026-06-10,CUS0033,BB-HOM-081,1,29.00,Store,Katong
SO45236,2026-06-10,CUS0033,BB-COF-052,2,16.00,Store,Katong
SO45211,2026-06-11,CUS0006,BB-STA-031,3,9.00,Store,Katong
SO45211,2026-06-11,CUS0006,BB-COF-045,2,25.00,Store,Katong
SO45218,2026-06-11,CUS0010,BB-FRG-061,2,34.00,Online,Online
SO45219,2026-06-11,CUS0034,BB-COF-055,1,21.00,Store,Novena
SO45230,2026-06-11,CUS0008,BB-FRG-068,2,42.00,Store,Orchard
SO45230,2026-06-11,CUS0008,BB-COF-052,1,16.00,Store,Orchard
SO45212,2026-06-12,CUS0023,BB-GFT-104,1,86.00,Store,Jurong East
SO45212,2026-06-12,CUS0023,BB-DRK-017,1,19.00,Store,Jurong East
SO45212,2026-06-12,CUS0023,BB-HOM-092,2,38.00,Store,Jurong East
SO45240,2026-06-13,CUS0024,BB-FRG-068,3,42.00,Online,Online
SO45240,2026-06-13,CUS0024,BB-COF-043,2,26.00,Online,Online
SO45240,2026-06-13,CUS0024,BB-GFT-101,3,78.00,Online,Online
SO45245,2026-06-13,CUS0026,BB-DRK-014,2,32.00,Store,Orchard
SO45245,2026-06-13,CUS0026,BB-FRG-061,4,34.00,Store,Orchard
SO45209,2026-06-14,CUS0027,BB-FRG-061,2,34.00,Store,Orchard
SO45209,2026-06-14,CUS0027,BB-COF-041,1,18.50,Store,Orchard
SO45221,2026-06-14,CUS0015,BB-HOM-092,2,38.00,Store,Orchard
SO45201,2026-06-15,CUS0003,BB-DRK-011,3,24.00,Store,Novena
SO45201,2026-06-15,CUS0003,BB-DRK-011,1,24.00,Store,Novena
SO45214,2026-06-15,CUS0014,BB-DRK-014,3,32.00,Store,Jurong East
SO45233,2026-06-15,CUS0005,BB-DRK-014,1,32.00,Online,Online
SO45259,2026-06-15,CUS0025,BB-DRK-014,3,32.00,Store,Katong
SO45259,2026-06-15,CUS0025,BB-STA-037,3,42.00,Store,Katong
SO45217,2026-06-16,CUS0004,BB-COF-041,1,18.50,Store,Jurong East
SO45225,2026-06-16,CUS0023,BB-FRG-064,2,34.00,Store,Jurong East
SO45237,2026-06-16,CUS0020,BB-DRK-011,1,24.00,Online,Online
SO45208,2026-06-17,CUS0009,BB-COF-041,2,18.50,Online,Online
SO45220,2026-06-17,CUS0004,BB-FRG-064,3,34.00,Store,Orchard
SO45207,2026-06-18,CUS0020,BB-DRK-017,3,19.00,Store,Jurong East
SO45207,2026-06-18,CUS0020,BB-COF-052,1,16.00,Store,Jurong East
SO45224,2026-06-23,CUS0001,BB-DRK-017,1,19.00,Online,Online
SO45226,2026-06-23,CUS0030,BB-COF-052,2,16.00,Online,Online
SO45246,2026-06-26,CUS0017,BB-COF-045,1,25.00,Store,Tampines
SO45239,2026-06-27,CUS0019,BB-COF-041,2,18.50,Store,Novena
SO45239,2026-06-27,CUS0019,BB-GFT-107,1,118.00,Store,Novena
SO45241,2026-06-27,CUS0009,BB-COF-055,2,21.00,Store,Orchard
SO45243,2026-06-27,CUS0008,BB-COF-043,3,26.00,Online,Online
SO45243,2026-06-27,CUS0008,BB-COF-041,1,18.50,Online,Online
SO45258,2026-06-27,CUS0005,BB-COF-052,2,16.00,Store,Novena
SO45203,2026-06-28,CUS0010,BB-HOM-081,2,29.00,Store,Novena
SO45203,2026-06-28,CUS0010,BB-HOM-084,1,44.00,Store,Novena
SO45232,2026-06-28,CUS0009,BB-DRK-011,3,24.00,Online,Online
SO45232,2026-06-28,CUS0009,BB-COF-043,1,26.00,Online,Online
SO45257,2026-06-28,CUS0012,BB-GFT-104,2,86.00,Online,Online
SO45267,2026-07-01,CUS0028,BB-COF-041,3,18.50,Store,Katong
SO45267,2026-07-01,CUS0028,BB-DRK-021,1,46.00,Store,Katong
SO45274,2026-07-01,CUS0008,BB-COF-041,2,18.50,Store,Orchard
SO45275,2026-07-01,CUS0007,BB-COF-043,1,26.00,Store,Woodlands
SO45303,2026-07-02,CUS0002,BB-HOM-081,3,29.00,Store,Novena
SO45303,2026-07-02,CUS0002,BB-COF-052,1,16.00,Store,Novena
SO45303,2026-07-02,CUS0002,BB-DRK-021,3,46.00,Store,Novena
SO45262,2026-07-03,CUS0014,BB-DRK-026,1,68.00,Store,Novena
SO45285,2026-07-03,CUS0003,BB-STA-031,2,9.00,Online,Online
SO45285,2026-07-03,CUS0003,BB-COF-041,2,18.50,Online,Online
SO45285,2026-07-03,CUS0003,BB-DRK-014,2,32.00,Online,Online
SO45287,2026-07-03,CUS0008,BB-DRK-021,1,46.00,Online,Online
SO45293,2026-07-03,CUS0033,BB-FRG-068,3,42.00,Online,Online
SO45311,2026-07-03,CUS0024,BB-GFT-104,1,86.00,Store,Jurong East
SO45290,2026-07-04,CUS0023,BB-COF-055,2,21.00,Online,Online
SO45304,2026-07-04,CUS0028,BB-COF-043,2,26.00,Online,Online
SO45272,2026-07-05,CUS0010,BB-GFT-101,1,78.00,Store,Orchard
SO45284,2026-07-05,CUS0010,BB-DRK-017,4,19.00,Online,Online
SO45302,2026-07-05,CUS0015,BB-COF-041,1,18.50,Online,Online
SO45307,2026-07-05,CUS0018,BB-COF-043,1,26.00,Store,Orchard
SO45309,2026-07-05,CUS0023,BB-COF-052,1,16.00,Store,Novena
SO45291,2026-07-06,CUS0005,BB-COF-041,3,18.50,Store,Novena
SO45319,2026-07-08,CUS0018,BB-DRK-017,3,19.00,Store,Tampines
SO45322,2026-07-08,CUS0018,BB-COF-055,2,21.00,Store,Orchard
SO45322,2026-07-08,CUS0018,BB-COF-043,2,26.00,Store,Orchard
SO45277,2026-07-11,CUS0009,BB-FRG-068,1,42.00,Store,Jurong East
SO45277,2026-07-11,CUS0009,BB-DRK-017,1,19.00,Store,Jurong East
SO45316,2026-07-11,CUS0013,BB-COF-041,1,18.50,Store,Jurong East
SO45316,2026-07-11,CUS0013,BB-DRK-014,3,32.00,Store,Jurong East
SO45321,2026-07-11,CUS0030,BB-DRK-014,2,32.00,Online,Online
SO45261,2026-07-12,CUS0034,BB-FRG-061,2,34.00,Online,Online
SO45263,2026-07-12,CUS0014,BB-DRK-011,4,24.00,Store,Jurong East
SO45273,2026-07-12,CUS0008,BB-DRK-014,1,32.00,Store,Katong
SO45280,2026-07-12,CUS0016,BB-STA-037,1,42.00,Store,Jurong East
SO45282,2026-07-12,CUS0033,BB-DRK-014,1,32.00,Store,Tampines
SO45282,2026-07-12,CUS0033,BB-COF-041,1,18.50,Store,Tampines
SO45308,2026-07-12,CUS0005,BB-STA-037,2,42.00,Online,Online
SO45317,2026-07-12,CUS0018,BB-COF-043,1,26.00,Online,Online
SO45317,2026-07-12,CUS0018,BB-COF-041,1,18.50,Online,Online
SO45317,2026-07-12,CUS0018,BB-COF-041,1,18.50,Online,Online
SO45269,2026-07-13,CUS0023,BB-COF-043,2,26.00,Store,Orchard
SO45269,2026-07-13,CUS0023,BB-HOM-092,2,38.00,Store,Orchard
SO45300,2026-07-13,CUS0003,BB-COF-041,2,18.50,Store,Jurong East
SO45300,2026-07-13,CUS0003,BB-HOM-081,3,29.00,Store,Jurong East
SO45314,2026-07-13,CUS0003,BB-HOM-092,1,38.00,Online,Online
SO45314,2026-07-13,CUS0003,BB-FRG-061,1,34.00,Online,Online
SO45314,2026-07-13,CUS0003,BB-COF-041,1,18.50,Online,Online
SO45266,2026-07-14,CUS0018,BB-COF-052,1,16.00,Store,Katong
SO45318,2026-07-14,CUS0004,BB-HOM-084,1,44.00,Store,Jurong East
SO45294,2026-07-16,CUS0024,BB-DRK-011,1,24.00,Store,Novena
SO45294,2026-07-16,CUS0024,BB-DRK-017,1,19.00,Store,Novena
SO45264,2026-07-17,CUS0009,BB-COF-045,2,25.00,Store,Tampines
SO45270,2026-07-17,CUS0021,BB-COF-043,2,26.00,Online,Online
SO45270,2026-07-17,CUS0021,BB-FRG-061,2,34.00,Online,Online
SO45299,2026-07-17,CUS0017,BB-COF-055,1,21.00,Store,Novena
SO45271,2026-07-18,CUS0010,BB-COF-043,1,26.00,Online,Online
SO45279,2026-07-18,CUS0030,BB-COF-045,1,25.00,Store,Novena
SO45279,2026-07-18,CUS0030,BB-COF-055,2,21.00,Store,Novena
SO45289,2026-07-18,CUS0023,BB-GFT-101,3,78.00,Store,Katong
SO45289,2026-07-18,CUS0023,BB-FRG-061,1,34.00,Store,Katong
SO45297,2026-07-18,CUS0019,BB-COF-041,2,18.50,Store,Tampines
SO45310,2026-07-19,CUS0030,BB-DRK-014,2,32.00,Store,Tampines
SO45310,2026-07-19,CUS0030,BB-COF-055,2,21.00,Store,Tampines
SO45301,2026-07-20,CUS0009,BB-FRG-064,1,34.00,Store,Jurong East
SO45281,2026-07-22,CUS0012,BB-FRG-064,3,34.00,Store,Katong
SO45315,2026-07-22,CUS0007,BB-COF-041,2,18.50,Store,Tampines
SO45286,2026-07-23,CUS0020,BB-GFT-107,3,118.00,Store,Tampines
SO45296,2026-07-23,CUS0029,BB-GFT-104,2,86.00,Store,Jurong East
SO45323,2026-07-23,CUS0002,BB-HOM-084,3,44.00,Store,Jurong East
SO45292,2026-07-24,CUS0016,BB-DRK-017,1,19.00,Store,Katong
SO45295,2026-07-24,CUS0007,BB-FRG-061,3,34.00,Store,Novena
SO45295,2026-07-24,CUS0007,BB-FRG-064,3,34.00,Store,Novena
SO45268,2026-07-25,CUS0030,BB-COF-045,2,25.00,Online,Online
SO45268,2026-07-25,CUS0030,BB-FRG-064,2,34.00,Online,Online
SO45268,2026-07-25,CUS0030,BB-DRK-021,1,46.00,Online,Online
SO45276,2026-07-25,CUS0021,BB-GFT-101,1,78.00,Online,Online
SO45306,2026-07-25,CUS0015,BB-STA-037,1,42.00,Online,Online
SO45306,2026-07-25,CUS0015,BB-COF-041,2,18.50,Online,Online
SO45312,2026-07-25,CUS0027,BB-COF-041,3,18.50,Store,Novena
SO45312,2026-07-25,CUS0027,BB-FRG-064,2,34.00,Store,Novena
SO45320,2026-07-25,CUS0024,BB-FRG-061,1,34.00,Store,Orchard
SO45278,2026-07-26,CUS0019,BB-DRK-017,3,19.00,Store,Tampines
SO45278,2026-07-26,CUS0019,BB-FRG-061,2,34.00,Store,Tampines
SO45260,2026-07-27,CUS0004,BB-GFT-107,1,118.00,Store,Novena
SO45260,2026-07-27,CUS0004,BB-COF-055,2,21.00,Store,Novena
SO45260,2026-07-27,CUS0004,BB-COF-052,3,16.00,Store,Novena
SO45265,2026-07-27,CUS0020,BB-DRK-026,3,68.00,Store,Novena
SO45283,2026-07-27,CUS0018,BB-DRK-011,4,24.00,Store,Novena
SO45288,2026-07-27,CUS0016,BB-COF-041,2,18.50,Online,Online
SO45298,2026-07-27,CUS0003,BB-FRG-061,2,34.00,Online,Online
SO45305,2026-07-27,CUS0024,BB-COF-043,1,26.00,Store,Woodlands
SO45313,2026-07-27,CUS0003,BB-STA-031,1,9.00,Online,Online
SO45358,2026-08-01,CUS0019,BB-DRK-017,3,19.00,Online,Online
SO45334,2026-08-02,CUS0007,BB-DRK-017,1,19.00,Online,Online
SO45334,2026-08-02,CUS0007,BB-COF-041,1,18.50,Online,Online
SO45334,2026-08-02,CUS0007,BB-FRG-064,2,34.00,Online,Online
SO45333,2026-08-03,CUS0014,BB-GFT-101,1,78.00,Online,Online
SO45351,2026-08-03,CUS0019,BB-FRG-061,4,34.00,Store,Novena
SO45376,2026-08-03,CUS0018,BB-DRK-026,2,68.00,Store,Novena
SO45376,2026-08-03,CUS0018,BB-FRG-064,3,34.00,Store,Novena
SO45336,2026-08-04,CUS0019,BB-GFT-104,1,86.00,Online,Online
SO45336,2026-08-04,CUS0019,BB-COF-043,1,26.00,Online,Online
SO45336,2026-08-04,CUS0019,BB-GFT-107,1,118.00,Online,Online
SO45396,2026-08-04,CUS0021,BB-FRG-061,2,34.00,Store,Novena
SO45396,2026-08-04,CUS0021,BB-COF-041,1,18.50,Store,Novena
SO45396,2026-08-04,CUS0021,BB-FRG-061,1,34.00,Store,Novena
SO45329,2026-08-05,CUS0006,BB-COF-041,1,18.50,Store,Orchard
SO45340,2026-08-05,CUS0033,BB-FRG-064,1,34.00,Store,Katong
SO45381,2026-08-05,CUS0001,BB-HOM-092,1,38.00,Store,Katong
SO45328,2026-08-06,CUS0020,BB-GFT-104,1,86.00,Online,Online
SO45330,2026-08-06,CUS0023,BB-DRK-011,1,24.00,Store,Orchard
SO45330,2026-08-06,CUS0023,BB-FRG-064,1,34.00,Store,Orchard
SO45345,2026-08-06,CUS0034,BB-COF-043,3,26.00,Store,Tampines
SO45360,2026-08-06,CUS0031,BB-COF-043,1,26.00,Store,Tampines
SO45368,2026-08-06,CUS0013,BB-DRK-017,1,19.00,Online,Online
SO45368,2026-08-06,CUS0013,BB-COF-041,1,18.50,Online,Online
SO45352,2026-08-08,CUS0001,BB-DRK-017,1,19.00,Online,Online
SO45352,2026-08-08,CUS0001,BB-HOM-092,1,38.00,Online,Online
SO45355,2026-08-08,CUS0030,BB-FRG-061,1,34.00,Store,Jurong East
SO45348,2026-08-09,CUS0003,BB-GFT-101,2,78.00,Store,Novena
SO45365,2026-08-09,CUS0013,BB-COF-043,2,26.00,Store,Jurong East
SO45365,2026-08-09,CUS0013,BB-DRK-011,2,24.00,Store,Jurong East
SO45365,2026-08-09,CUS0013,BB-GFT-104,1,86.00,Store,Jurong East
SO45379,2026-08-09,CUS0018,BB-DRK-014,1,32.00,Store,Woodlands
SO45379,2026-08-09,CUS0018,BB-STA-037,4,42.00,Store,Woodlands
SO45388,2026-08-09,CUS0027,BB-COF-045,1,25.00,Store,Jurong East
SO45394,2026-08-09,CUS0027,BB-DRK-026,2,68.00,Store,Orchard
SO45342,2026-08-10,CUS0010,BB-FRG-068,3,42.00,Store,Orchard
SO45364,2026-08-10,CUS0007,BB-DRK-011,1,24.00,Online,Online
SO45372,2026-08-10,CUS0021,BB-DRK-021,3,46.00,Online,Online
SO45367,2026-08-11,CUS0008,BB-DRK-014,1,32.00,Store,Orchard
SO45367,2026-08-11,CUS0008,BB-GFT-107,1,118.00,Store,Orchard
SO45335,2026-08-12,CUS0012,BB-FRG-064,1,34.00,Store,Tampines
SO45338,2026-08-12,CUS0018,BB-DRK-014,1,32.00,Online,Online
SO45338,2026-08-12,CUS0018,BB-FRG-064,1,34.00,Online,Online
SO45361,2026-08-12,CUS0015,BB-STA-031,1,9.00,Store,Tampines
SO45374,2026-08-12,CUS0033,BB-DRK-014,2,32.00,Store,Tampines
SO45346,2026-08-13,CUS0026,BB-FRG-061,1,34.00,Store,Woodlands
SO45346,2026-08-13,CUS0026,BB-COF-043,2,26.00,Store,Woodlands
SO45369,2026-08-13,CUS0008,BB-DRK-017,1,19.00,Online,Online
SO45395,2026-08-13,CUS0018,BB-DRK-011,1,24.00,Store,Novena
SO45344,2026-08-14,CUS0014,BB-COF-041,3,18.50,Store,Jurong East
SO45347,2026-08-14,CUS0020,BB-COF-045,1,25.00,Online,Online
SO45347,2026-08-14,CUS0020,BB-COF-041,2,18.50,Online,Online
SO45373,2026-08-14,CUS0017,BB-FRG-064,1,34.00,Online,Online
SO45325,2026-08-15,CUS0031,BB-DRK-014,2,32.00,Store,Tampines
SO45377,2026-08-15,CUS0033,BB-COF-041,1,18.50,Store,Novena
SO45377,2026-08-15,CUS0033,BB-COF-043,2,26.00,Store,Novena
SO45354,2026-08-17,CUS0031,BB-FRG-064,1,34.00,Store,Katong
SO45354,2026-08-17,CUS0031,BB-FRG-068,1,42.00,Store,Katong
SO45327,2026-08-18,CUS0021,BB-FRG-061,1,34.00,Store,Woodlands
SO45327,2026-08-18,CUS0021,BB-FRG-061,2,34.00,Store,Woodlands
SO45349,2026-08-18,CUS0013,BB-FRG-064,1,34.00,Store,Tampines
SO45349,2026-08-18,CUS0013,BB-DRK-017,1,19.00,Store,Tampines
SO45387,2026-08-18,CUS0007,BB-COF-043,1,26.00,Store,Novena
SO45389,2026-08-18,CUS0007,BB-COF-055,2,21.00,Store,Orchard
SO45389,2026-08-18,CUS0007,BB-STA-031,1,9.00,Store,Orchard
SO45324,2026-08-19,CUS0023,BB-COF-041,1,18.50,Online,Online
SO45324,2026-08-19,CUS0023,BB-HOM-092,1,38.00,Online,Online
SO45341,2026-08-19,CUS0006,BB-COF-055,2,21.00,Store,Tampines
SO45341,2026-08-19,CUS0006,BB-COF-041,1,18.50,Store,Tampines
SO45341,2026-08-19,CUS0006,BB-HOM-081,4,29.00,Store,Tampines
SO45343,2026-08-19,CUS0020,BB-COF-052,1,16.00,Store,Novena
SO45359,2026-08-19,CUS0003,BB-DRK-017,1,19.00,Store,Katong
SO45386,2026-08-19,CUS0008,BB-FRG-061,3,34.00,Store,Novena
SO45375,2026-08-20,CUS0018,BB-GFT-101,2,78.00,Store,Tampines
SO45375,2026-08-20,CUS0018,BB-COF-041,3,18.50,Store,Tampines
SO45392,2026-08-20,CUS0004,BB-DRK-021,2,46.00,Online,Online
SO45366,2026-08-21,CUS0002,BB-FRG-061,1,34.00,Store,Orchard
SO45366,2026-08-21,CUS0002,BB-COF-041,2,18.50,Store,Orchard
SO45339,2026-08-22,CUS0027,BB-COF-041,2,18.50,Store,Katong
SO45353,2026-08-22,CUS0025,BB-GFT-104,1,86.00,Store,Novena
SO45380,2026-08-22,CUS0030,BB-COF-052,1,16.00,Online,Online
SO45385,2026-08-22,CUS0009,BB-COF-041,1,18.50,Online,Online
SO45337,2026-08-23,CUS0030,BB-DRK-017,1,19.00,Store,Katong
SO45357,2026-08-23,CUS0018,BB-COF-052,3,16.00,Store,Woodlands
SO45357,2026-08-23,CUS0018,BB-DRK-021,1,46.00,Store,Woodlands
SO45384,2026-08-23,CUS0002,BB-COF-045,4,25.00,Store,Katong
SO45390,2026-08-23,CUS0021,BB-COF-041,1,18.50,Store,Orchard
SO45390,2026-08-23,CUS0021,BB-STA-037,1,42.00,Store,Orchard
SO45326,2026-08-24,CUS0007,BB-GFT-104,1,86.00,Online,Online
SO45393,2026-08-24,CUS0011,BB-DRK-014,2,32.00,Store,Novena
SO45393,2026-08-24,CUS0011,BB-DRK-017,1,19.00,Store,Novena
SO45332,2026-08-25,CUS0002,BB-FRG-064,1,34.00,Online,Online
SO45332,2026-08-25,CUS0002,BB-DRK-014,4,32.00,Online,Online
SO45363,2026-08-25,CUS0031,BB-HOM-084,1,44.00,Store,Woodlands
SO45331,2026-08-26,CUS0001,BB-COF-052,1,16.00,Store,Jurong East
SO45331,2026-08-26,CUS0001,BB-COF-055,1,21.00,Store,Jurong East
SO45350,2026-08-26,CUS0015,BB-DRK-017,3,19.00,Store,Tampines
SO45350,2026-08-26,CUS0015,BB-COF-043,2,26.00,Store,Tampines
SO45370,2026-08-26,CUS0027,BB-COF-041,2,18.50,Online,Online
SO45356,2026-08-27,CUS0014,BB-FRG-068,1,42.00,Online,Online
SO45382,2026-08-27,CUS0005,BB-COF-041,1,18.50,Store,Woodlands
SO45382,2026-08-27,CUS0005,BB-HOM-084,2,44.00,Store,Woodlands
SO45391,2026-08-27,CUS0002,BB-GFT-107,3,118.00,Store,Jurong East
SO45391,2026-08-27,CUS0002,BB-DRK-021,1,46.00,Store,Jurong East
SO45362,2026-08-28,CUS0007,BB-DRK-017,2,19.00,Store,Jurong East
SO45371,2026-08-28,CUS0022,BB-COF-055,4,21.00,Store,Orchard
SO45378,2026-08-28,CUS0009,BB-HOM-081,1,29.00,Store,Katong
SO45378,2026-08-28,CUS0009,BB-GFT-101,1,78.00,Store,Katong
SO45383,2026-08-28,CUS0032,BB-HOM-092,2,38.00,Store,Tampines
SO45383,2026-08-28,CUS0032,BB-COF-045,1,25.00,Store,Tampines
